{
  "name": "mfly-commands",
  "version": "1.9.10",
  "authors": [
    "nachiket mehta <nmehta@mediafly.com>",
    "jason shah <jshah@mediafly.com>"
  ],
  "description": "A set of commands for interactives to interface with apps",
  "moduleType": [
    "globals"
  ],
  "keywords": [
    "mflycommands",
    "mediafly"
  ],
  "main": "src/mflyCommands.js",
  "license": "MIT",
  "homepage": "http://devdocs.mediafly.com/interactives/",
  "ignore": [
    "**/.*",
    "node_modules",
    "bower_components",
    "test",
    "tests"
  ],
  "dependencies": {
    "jquery": "~1.11.0"
  },
  "_release": "1.9.10",
  "_resolution": {
    "type": "version",
    "tag": "v1.9.10",
    "commit": "91b71ffc7ceabfe8e87d92c1c4a8fac28c3de023"
  },
  "_source": "git://github.com/Mediafly/mflyCommands.git",
  "_target": "^1.9.10",
  "_originalSource": "mfly-commands",
  "_direct": true
}